text,amp,source
C Y I N N C P V G,amp_negnc,ampep_neg
L R K R L R K F R N K I K E K L K K I G Q K I Q G F V P K L,amp_posc,dbaasp_pos
A I K L V Q S P N G N F A A S F V L D G T K W I F K S K Y Y D S S K G Y W V G I Y E V W D R K,amp_posc,ampep_pos
M K R T F Q P S V V H R K R T H G F R A R M A T K S G R L V L K R R R A K G R Q R L C P,amp_negnc,ampep_neg
S D H S E S I Q K K F Q L M K E H V N K I G V D S,amp_posc,satpdb_pos
A I S Y G N G V Y C N K E K C W V N K A E N K Q A I T G I V I G G W A S S L A G M G H,amp_posc,ampep_pos
Q P N P N E F F G L M,amp_negnc,ampep_neg
C V N W K K I L G K I I K V V K,amp_posc,satpdb_pos
R I C P R I L M E C K A D S D C L A Q C I C Q E N G F C G,amp_negnc,ampep_neg
G I W D T I K S M G K V F A G K I L Q N,amp_posc,satpdb_pos
A G W L R K L G K K I E R I G Q H T R D A S I Q V L G I A Q Q A A N V A A T A R,amp_posc,ampep_pos
M D I I I I V G G,amp_posc,satpdb_pos
A L W K D V L K K I G T V A L H A G K A A L G A V A D T I S Q,amp_posc,ampep_pos
A L L D K L K S L G K V V G K V A I G V A Q H Y L N P Q,amp_posc,ampep_pos
A L F S I L R G L K K L G N M G Q A F V N C K I Y K K C,amp_posc,ampep_pos
E Q S A G F R E Y I D F F D G Y S L T Y,amp_negnc,ampep_neg
A L W K T L L K N V G K A A G K A A L N A V T D M V N Q,amp_posc,ampep_pos
G L N A L K K V F Q G F H E A I K L I N N H V Q,amp_negc,dbaasp_neg
I I G G D E C N I N E H R F L,amp_negnc,ampep_neg
A D R G W I K T L T K D C P N V I S S I C A G T I I T A C K N C A,amp_posc,ampep_pos
A L W K T M L K K L G T M A L H A G K A A F G A A A D T I S Q,amp_posc,ampep_pos
E C T R S G G A C N S H T Q C C D H F C S T A T S T C I,amp_posc,satpdb_pos
A D N R R P I W V M L L S S Y W Q D G N S L G V D A I M T N Y P E D V K,amp_negnc,ampep_neg
A C H A H C Q S V G R R G G Y C G N F R M T C Y C Y,amp_posc,ampep_pos
A L W K N M L K G I G K L A G Q A A L G A V K T L V G A E,amp_posc,ampep_pos
M K R T F Q P S N L R R A R T H G F R E R M S T K N G R K V L A R R R A K G R K T L T A,amp_negnc,ampep_neg
C M Q S A A A H C,amp_posc,satpdb_pos
D E K P K L I L P T P A P P N L P Q L V G G G G G N R K D G F G V S V D A H Q K V W T S D N G G H S,amp_posc,satpdb_pos
A C Y C R I G A C V S G E R L T G A C G L N G R I Y R L C C R,amp_posc,ampep_pos
A P L E P V Y P G D N A T P E Q M A Q Y A A E L R R Y I N M L T R P R Y,amp_negnc,ampep_neg
A C I K N G G R C V A S G G P P Y C C S N Y C L Q I A G Q S Y G V C K K H,amp_posc,ampep_pos
A I H R A L I C K R M E G H C E A E C L T F E V K I G G C R A E L A P F C C K N R K K H,amp_posc,ampep_pos
S E N T G A I G K V F P R G N H W A V G H L M,amp_negnc,ampep_neg
M S Q I S T K H R T V L F R R W M A I I C C L I I N I A Y L V Y,amp_negnc,ampep_neg
H S D G T F T S E L S R L R E G A R L Q R L L Q G L V,amp_posc,satpdb_pos
A G Y L L G K I N L K A L A A L A K K I L,amp_posc,ampep_pos
A K I P I K A I K T V G K A V G K G L R A I N I A S T A N D V F N F L K P K K R K H,amp_posc,ampep_pos
A C G W A G I K Q E F,amp_posc,satpdb_pos
S D G R D D E A K D K R S D M Y E S D R N G R C C H P S C G R K Y N C G R,amp_posc,satpdb_pos
A I P C G E S C V W I P C I S T V I G C S C S N K V C Y R,amp_posc,ampep_pos
P G G,amp_posc,satpdb_pos
D L W N S I K D M A A A A G R A A L N A V T G M V N Q,amp_negnc,ampep_neg
A L L H H G L N C A K G V L A,amp_posc,ampep_pos
A D D K N P L E E A F R E A D Y E V F L E I A K N G L,amp_posc,ampep_pos
A I H D I L K Y G K P S,amp_posc,ampep_pos
A G C I K N G G R C N A S A G P P Y C C S S Y C F Q I A G Q S Y G V C K N R,amp_posc,ampep_pos
A L W F T M L K K L G T M A L H A G K A A L G A A A N T I S Q G T Q,amp_posc,ampep_pos
W G I R R I L K Y G K R S,amp_posc,dbaasp_pos
M F T I I T Y F G L L L A A L A L A V V L F V G L S K I E L I,amp_negnc,ampep_neg
M P L S W F F P R T W G K R,amp_posc,satpdb_pos
H A W N Y I F,amp_posc,satpdb_pos
A L K A V P A V M G M I K K E,amp_posc,ampep_pos
G G L F Y V K H K E Q Q R K R F,amp_posc,satpdb_pos
A L W K T L L K K V G K V A G K A V L N A V T N M A N Q N E Q,amp_posc,ampep_pos
V I P F V A S V A A E M M Q H V Y C A A S K K C,amp_posc,satpdb_pos
K F P K F R R G I P F L F V,amp_posc,satpdb_pos
T C L A R D E L C G A S F L S N F L C C D G L C L L I C V,amp_posc,satpdb_pos
A L W K T I I K G A G K M I G S L A K N L L G S Q A Q P E S,amp_posc,ampep_pos
A D T L A C R Q S H G S C S F V A C R A P S V D I G T C R G G L K K C C K W,amp_posc,ampep_pos
A G R G K Q G G K V R A K A K T R S S R A G L Q F P V G R V H R L L R K G N Y,amp_posc,ampep_pos
A C V P V Y K E C W Y P Q K P C C E D R V C Q C S F G M T N,amp_posc,satpdb_pos
K V V K Q W P I G K V V K K V V K K V V K,amp_posc,satpdb_pos
A I H R A L I S K R M E G H C E A E C L T F E V K T G G C R A E L A P F C C K N R K K H,amp_posc,ampep_pos
A G F V L K G Y T K T S Q,amp_posc,ampep_pos
R R L H P Q H Q R F P R E R P W P K P L S L P L P R P G P R P W P K P L,amp_posc,satpdb_pos
A K E F G I P A A V A G T V L N V V E A G G W V T T I V S I,amp_posc,ampep_pos
S N G S N I D V A G A V N T L V E T A G K L F Q,amp_negnc,ampep_neg
A L K A A L L A I L K I V R V I K K,amp_posc,ampep_pos
H Y,amp_posc,satpdb_pos
A I H R A L I C K R M E G H C E A E C L T F E A K I G G C R A E L A P F C C K N R K K H,amp_posc,ampep_pos
G Y Y Y P Y H G G H Y Y G A H Y G G Y P Y G H F Y N Y R H T P Y Y S G L R Y Y G S Y G Y P H H F,amp_negnc,ampep_neg
A C Y C R I P A C F A G E R R Y G T C F Y L G R V W A F C C,amp_posc,ampep_pos
A A L R G C W T K S I P P K P C S G K R,amp_posc,ampep_pos
E V V R N P Q S C R W N M G V C I P I S C P G N M R Q I G T C F G P R V P C C R,amp_posc,satpdb_pos
A D S R K P D D R Y D M S G N D A L G D V K L A T Y E D N P W E T F K,amp_negnc,ampep_neg
M L T L K I A V Y I V V A F F I S L F V F G F L S S D P T R N P G R K D F E,amp_negnc,ampep_neg
G L L D S L K G F A A T A G K G V L Q S L L S T A S C K L A K T C,amp_negnc,ampep_neg
M V K R K A N H V I N G M N D A K S Q G K G A G Y I E N D Q L V L T E E E R Q N N K K R K T N Q,amp_negnc,ampep_neg
A F K L L G R I I H H V G N F V Y G F S H V F,amp_posc,ampep_pos
F L S L I P H A I N A V S A I A K H N,amp_negnc,ampep_neg
A A F R G C W T K N Y S P K P C L,amp_posc,ampep_pos
I I D Y Y D E G E E D R D V G V V D A R,amp_negnc,ampep_neg
L D T I K C L Q G N N N C H I Q K C P W F L L Q V S T C Y K G K G R C C Q K R R W F A R S H V Y H V,amp_posc,satpdb_pos
A I H R A L I C K R M E G H C E A E C L T F E V K I G G C R A E L T P Y C C K K R K K D,amp_posc,ampep_pos
A L S I L R G L E K L A K M G I A L T N C K A T K K C,amp_posc,ampep_pos
M K R T F Q P S V L K R N R S H G F R A R M A N K N G R Q V L A R R R A K G R T R L T V S H,amp_negnc,ampep_neg
A C W W A G I A Q E F,amp_posc,satpdb_pos
A A L R G C W T K S I P P K P C P G K R,amp_posc,ampep_pos
R I P T G E R V W D R G N V T L L C D C,amp_posc,satpdb_pos
F W G S G P F G M F P G G W G G P W N S P W Y G P Y G G Y P Y G G Y G Y P Y G L,amp_negnc,ampep_neg
I P Q E V L P,amp_posc,satpdb_pos
A L W L A I R K R,amp_posc,ampep_pos
G A K T E T L V I P E T E L E A C,amp_posc,satpdb_pos
A L R L A I R K R,amp_posc,ampep_pos
A G W G S I F K H I F K A G K F I H G A I Q A H N D,amp_posc,ampep_pos
Y G G F M T S E K S Q T P L V T L F K N A I I K N V H K K G Q,amp_posc,satpdb_pos
K R D P Q Q R E Y E D C R R R C E Q Q E P R Q Q Y Q C Q R R C R E Q Q,amp_posc,satpdb_pos
A C Y C R I P A C L A G E R R Y G T C F Y R R R V W A F C C,amp_posc,ampep_pos
A L F S I L R G L K K L G K M G Q A F V N C E I Y K K C,amp_posc,ampep_pos
S C D S E F S S E F C E Q P E E R I C S C S T H V C C H L S S S K R D Q C M T W N R C L S A Q T G N,amp_posc,satpdb_pos
A A L K G C W T K S I P P K P C S G K R,amp_posc,ampep_pos
A G V E A I I R I L Q Q L L F,amp_posc,satpdb_pos
M G K P T F Q P N N R K R K K N H G F R A R M A T K N G R K V L A R R R Q K G R K V L S A,amp_negnc,ampep_neg
A L L G D F F R K S K E K I G K E F K R I V Q R I K D F L R N L V P R T E S,amp_posc,ampep_pos
M S K G K K R S G A R P G R P Q P L R G T K G K R K G A R L W Y V G G Q Q F,amp_negnc,ampep_neg
A K A W G I P P H V I P Q I V P V R I R P L C G N V,amp_posc,ampep_pos
A K R G G F W R K V G R K L G K G I R K I G K T I K S Q L G K F R P R L Q Y R Y Q F,amp_posc,ampep_pos
M P R Y R L F R R I D R V G K,amp_posc,satpdb_pos
A C S A G,amp_posc,ampep_pos
A C Y C R I P A C I A G E R R Y G T C I Y Q G R L W A F C C,amp_posc,ampep_pos
A C Y C R I P A C L A G E R R Y G T C F Y M G R V W A F C C,amp_posc,ampep_pos
A E V A P A P A A A A P A K A P K K K A A A K P K K A G P S,amp_posc,ampep_pos
A C Q C P D A I S G W T H T D Y Q C H G L E N K M Y R H V Y A I C M N G T Q V Y C R T E W G S S C,amp_posc,ampep_pos
A E R V G A G A P V Y L,amp_posc,ampep_pos
A L W M T L L K K V L K A A A K A L N A V L V G A N A,amp_posc,ampep_pos
A L L D K L K S L G K V V G K V A I G V A Q H Y L N P Q Q,amp_posc,ampep_pos
A G I G K I G D F I K K A I A K Y K N,amp_posc,ampep_pos
G W K I G K K L E H H G Q N I R D G L I S A G P A V F A V G Q A A T I Y A A A K,amp_posc,satpdb_pos
A L W K D I L K N A G K A A L N E I N Q L V N Q,amp_posc,ampep_pos
G K F S V F S K I L R S I A K V F K G V G K V R K G F K T A S D L D K N Q,amp_posc,satpdb_pos
A P T A F Y G V R,amp_negnc,ampep_neg
M Q D L K T Y L S T A P V L A I S S F I F L A G L L I E I N R F F P D A L T F A F F,amp_negnc,ampep_neg
Q L G L Q D P P H M V A D L S K K Q G P W V E E E E A A Y G W M D F,amp_posc,satpdb_pos
M L Q N S A V L L L L V I S A S A,amp_posc,satpdb_pos
G P I Q I S Y N Y N Y G P C G R Y C G I L G V S P G D N L D C G N Q R,amp_negnc,ampep_neg
P L V E G Q L G E N N E L R L,amp_posc,satpdb_pos
T T N,amp_posc,satpdb_pos
K K K K V V A P T Y V F V,amp_posc,satpdb_pos
A L W K N M L K G I G K L A G Q A A L G A V K T L V G A E S,amp_posc,ampep_pos
C C H P A C G K H F S C,amp_posc,satpdb_pos
M R N I K T Y L S T V P V L T T L W F G S L A G L L I E I N R L F P D A L L F P F F S F,amp_negnc,ampep_neg
M E A L V Y T F L L V S T L G I I F F A I F F R E P P K V P V P T K K A K,amp_negnc,ampep_neg
A D T L A C R Q S H Q S C S F V A C R A P S V D I G T C R G G K L K C C K W A P S S,amp_posc,ampep_pos
A C Y C R I P A C L A G E R R Y G T C F Y L G R V W A F C C,amp_posc,ampep_pos
G L L S G I L G T G K H I V C G L S G L C,amp_posc,satpdb_pos
A I L T T L A N W A R K F L,amp_posc,ampep_pos
A A P R G G K G F F C K L F K D C,amp_posc,ampep_pos
A H D R N P L E E Y F R E T D Y E E F L,amp_posc,ampep_pos
A L L D K L K S L G K V V G K V A L G V V Q N Y L N P R Q,amp_posc,ampep_pos
P F P,amp_posc,satpdb_pos
M R N D V L T L T N P M E E K E L E Q I L G G G N G V L K T I S H E C N M N T W Q F L F T C C,amp_negnc,ampep_neg
L H C H E I S D L T P W I L C S P E P L C G G K G C C A Q E V C D C S G P V C T C P P C L,amp_posc,satpdb_pos
A I M D T I K D T A K T V A V G L L N K L K C K I T G C,amp_posc,ampep_pos
H Q K,amp_posc,satpdb_pos
K Q N A A N I L R L K E S I A A T N E A V H E V,amp_posc,satpdb_pos
A K I P I K A I K T V G K A V G K G L R A I N I A S T A N D V F N F L K P K K R K A,amp_posc,ampep_pos
C V K R G L K L R H V R P R V T R D V,amp_posc,satpdb_pos
V G S G G C M F G N G K,amp_posc,satpdb_pos
A A L K G C W T K S I P P K P C F G K R,amp_posc,ampep_pos
A L E P,amp_posc,satpdb_pos
A L P K K L K Y L N L F N D G F N Y M G V V,amp_posc,ampep_pos
L R W,amp_posc,satpdb_pos
A A C S D R A H G H I C E S F K S F C K D S G R N G V K L R A N C K K T C G L C,amp_posc,ampep_pos
T L P S P L A L L T V H,amp_posc,satpdb_pos
A F C N L R M C Q L S C R S L G L L G K C I G D K C E C V K H,amp_posc,satpdb_pos
F Y D P L V F P S D E F D A S I S Q V N E K I N Q S L A F I R K S D E,amp_posc,satpdb_pos
M E H F R W,amp_posc,satpdb_pos
A F T C H C R R S C Y S T E Y S Y G T C T V M G I N H R F C C L,amp_posc,ampep_pos
N N R S P Q L R L R F,amp_negnc,ampep_neg
A L L D K L K S L G K V V G K V A L G V A Q H Y L N P Q Q,amp_posc,ampep_pos
A K C I K N G K G C R E D Q G P P F C C S G F C Y R Q V G W A R G Y C K N R,amp_posc,ampep_pos
A C N F Q S C W A T C Q A Q H S I Y F R R A F C D R S Q C K C V F V R G,amp_posc,ampep_pos
A I G S I L G A L A K G L P T L I S W I K N R,amp_posc,ampep_pos
A L W K T M L K K L G T M A L H A G K A A L G A A A D T I S Q G T Q,amp_posc,ampep_pos
A L G G L L A D V V K S K E Q P A,amp_posc,ampep_pos
G S V F N C G E T C V L G T C Y T P G C T C N T Y R V C T K D,amp_posc,satpdb_pos
G P I R R P K P R P R Q R P E,amp_posc,satpdb_pos
F R I R V R V,amp_posc,satpdb_pos
A L W K D I L K N A G K A A L N E I N Q I V Q,amp_posc,ampep_pos
A C D T A T C V T H R L A G L L S R S G G V V K N N F V P T N V G S K A F,amp_posc,ampep_pos
A H C L A I G R K,amp_posc,ampep_pos
C R G S G A G R C,amp_posc,satpdb_pos
A V K P P W R C K A A F C,amp_posc,satpdb_pos
E R V C C G Y P M S C K S R A C K P S Y C C,amp_posc,satpdb_pos
A L W K D I L K N V G K A A G K A V L N T V T D M V N Q,amp_posc,ampep_pos
P G,amp_posc,satpdb_pos
K W K L F K K G I G A V L K V,amp_posc,satpdb_pos
L Q V D Y L V L E V A,amp_negnc,ampep_neg
A A G M G F F G A R,amp_posc,ampep_pos
A C Q F W S C N S S C I S R G Y R Q G Y C W G I Q Y K Y C Q C Q,amp_posc,ampep_pos
A A N F G P S V F T P E V H E T W Q K F L N V V V A A L G K Q Y H,amp_posc,ampep_pos
A L L L A I R K R,amp_posc,ampep_pos
A L W K N M L K G I G K L A G K A A L G A V K K L V G A E S,amp_posc,ampep_pos
M G,amp_posc,satpdb_pos
I I C A P E G G P C V A G I G C C A G L R C S G A K L G L A G S C Q,amp_posc,satpdb_pos
G R R P M K L N K T P,amp_posc,satpdb_pos
C S A P F T K S C,amp_posc,satpdb_pos
Q G P W M E E E E A A Y G W M D F,amp_negnc,ampep_neg
A L W K N M L K G I G K L A G Q A A L G A V K T L V G A,amp_posc,ampep_pos
A L S I L K G L E K L A K M G I A L T N C K A T K K C,amp_posc,ampep_pos
I L M C F S I D S,amp_posc,satpdb_pos
A D N K N P L E E C F R E T N Y E E F L E I A R,amp_posc,ampep_pos
A K K V F K R L E K L F S K I Q N D K,amp_posc,ampep_pos
C H N L K R P T C,amp_posc,satpdb_pos
G D C G G T C T W T K D C S I C P S W S C W S W S C,amp_posc,satpdb_pos
R A,amp_posc,satpdb_pos
M E P E C N L N C T D,amp_posc,satpdb_pos
F L W G L I P G A I S A V T S L I K K,amp_posc,satpdb_pos
A C A A H C L L R G N R G G Y C N G K G,amp_posc,ampep_pos
G T C S F S S A L C V V H C R V R G Y P D G Y C S R K G I C T C R R,amp_negc,dbaasp_neg
V R L I W A V R I W R R,amp_posc,satpdb_pos
A A K P M G I T C D L L S L W K V G H A A C A A H C L V L G D V G G Y C T K E G L C V C K E,amp_posc,ampep_pos
G D C S C E G Q I C K C G Y R V S P G K S G C A C T C R N A K,amp_posc,satpdb_pos
A I S C G Q V S S A I G P C L S Y A R G Q G S A P S A G C C,amp_posc,ampep_pos
